Employee ID,Age,Job Role,Monthly Income,Job Satisfaction,Attrition
1,22,Sales Executive,7785,3,Yes
2,25,Manager,7980,5,Yes
3,25,Sales Executive,4181,1,Yes
4,31,Research Analyst,8823,1,No
5,41,Manager,3603,4,No
6,43,Sales Executive,3360,3,No
7,58,Manager,6610,1,No
8,45,Sales Executive,3585,1,No
9,28,Research Analyst,5271,5,Yes
10,46,Manager,6934,4,No
11,46,Research Analyst,4809,4,No
12,34,Research Analyst,4735,1,Yes
13,23,Manager,3201,2,No
14,45,Manager,4756,5,No
15,46,Sales Executive,6887,2,Yes
16,39,Sales Executive,5096,5,No
17,59,Research Analyst,7471,2,No
18,47,Sales Executive,6015,4,Yes
19,35,Manager,5627,3,No
20,30,Manager,6707,4,Yes
21,31,Manager,5366,1,No
22,42,Research Analyst,5341,2,Yes
23,38,Sales Executive,6077,1,No
24,27,Sales Executive,3055,4,No
25,37,Sales Executive,8550,2,No
26,22,Sales Executive,5086,5,No
27,40,Sales Executive,7657,3,No
28,57,Sales Executive,5312,4,No
29,46,Sales Executive,4217,4,No
30,51,Research Analyst,8442,3,No
31,41,Sales Executive,8182,4,No
32,41,Sales Executive,5064,2,No
33,36,Sales Executive,8309,2,Yes
34,54,Research Analyst,7290,4,No
35,23,Sales Executive,6466,2,Yes
36,31,Research Analyst,7116,4,Yes
37,54,Research Analyst,4124,4,No
38,53,Research Analyst,8902,5,Yes
39,32,Manager,6704,3,No
40,45,Sales Executive,3052,2,No
41,57,Manager,3455,3,No
42,33,Sales Executive,4925,5,No
43,50,Research Analyst,6342,1,Yes
44,56,Research Analyst,4650,4,No
45,22,Sales Executive,3750,2,No
46,22,Sales Executive,6023,1,No
47,58,Research Analyst,3819,1,No
48,27,Sales Executive,3407,2,No
49,39,Sales Executive,8881,1,No
50,37,Manager,3859,4,No
51,26,Research Analyst,7870,4,No
52,53,Manager,8833,4,No
53,23,Research Analyst,5168,5,No
54,23,Manager,8185,1,Yes
55,57,Sales Executive,4099,4,Yes
56,33,Sales Executive,3855,5,No
57,40,Research Analyst,5556,4,No
58,49,Research Analyst,8830,4,No
59,22,Research Analyst,5856,2,No
60,36,Manager,6772,4,Yes
61,57,Research Analyst,8156,4,Yes
62,34,Sales Executive,8004,4,Yes
63,42,Research Analyst,8027,4,No
64,33,Sales Executive,3062,4,Yes
65,26,Manager,4477,3,Yes
66,28,Sales Executive,8950,3,No
67,26,Sales Executive,3442,5,No
68,25,Manager,7684,5,No
69,34,Sales Executive,6602,5,No
70,58,Manager,5432,3,No
71,36,Manager,4025,5,Yes
72,37,Manager,8844,2,Yes
73,42,Sales Executive,3717,1,No
74,57,Manager,4626,2,No
75,45,Research Analyst,8232,1,No
76,37,Sales Executive,8269,1,Yes
77,35,Sales Executive,8710,4,No
78,43,Research Analyst,8389,5,Yes
79,27,Research Analyst,8096,1,No
80,57,Research Analyst,6139,4,No
81,22,Research Analyst,4897,2,No
82,53,Manager,3026,4,No
83,27,Sales Executive,8531,1,No
84,52,Sales Executive,4773,4,No
85,22,Research Analyst,7621,4,No
86,58,Manager,6504,2,No
87,56,Manager,3568,2,No
88,51,Research Analyst,3058,1,Yes
89,25,Research Analyst,6089,4,No
90,56,Research Analyst,8334,3,No
91,35,Research Analyst,3391,4,No
92,43,Manager,5330,1,No
93,31,Sales Executive,8675,3,No
94,22,Manager,5479,4,No
95,32,Sales Executive,6806,2,No
96,45,Sales Executive,4372,1,No
97,24,Sales Executive,6577,4,No
98,56,Manager,6770,2,Yes
99,57,Research Analyst,5054,1,No
100,52,Research Analyst,3903,3,No
101,25,Manager,5741,3,Yes
102,40,Manager,6959,1,No
103,57,Sales Executive,8624,2,No
104,42,Manager,5074,3,Yes
105,39,Sales Executive,6707,1,No
106,49,Manager,7811,4,No
107,36,Research Analyst,4117,1,No
108,23,Research Analyst,7529,1,No
109,58,Research Analyst,7573,1,Yes
110,32,Manager,5935,2,No
111,44,Sales Executive,7535,5,Yes
112,33,Research Analyst,7828,4,No
113,24,Sales Executive,3151,2,Yes
114,38,Research Analyst,5745,1,Yes
115,54,Sales Executive,8769,4,No
116,22,Manager,5688,2,No
117,41,Manager,3403,3,No
118,35,Sales Executive,6122,4,No
119,52,Manager,8884,5,No
120,46,Sales Executive,6486,5,No
121,24,Manager,6621,4,No
122,25,Manager,4918,4,No
123,52,Sales Executive,7073,1,Yes
124,56,Research Analyst,7741,1,No
125,35,Research Analyst,7155,1,No
126,30,Research Analyst,8594,4,No
127,41,Sales Executive,7541,5,Yes
128,53,Research Analyst,8919,3,Yes
129,30,Manager,3966,5,No
130,48,Research Analyst,6275,1,Yes
131,24,Manager,4681,2,No
132,25,Research Analyst,6103,5,No
133,36,Research Analyst,7767,1,No
134,54,Sales Executive,7180,4,No
135,26,Manager,7186,3,No
136,25,Manager,8159,2,No
137,33,Manager,3757,5,Yes
138,44,Research Analyst,5226,1,Yes
139,35,Research Analyst,4610,5,No
140,33,Sales Executive,5427,3,Yes
141,38,Sales Executive,7647,2,No
142,46,Sales Executive,7223,5,No
143,51,Research Analyst,6279,3,Yes
144,43,Sales Executive,3013,2,Yes
145,47,Manager,4187,5,No
146,38,Sales Executive,3486,1,No
147,41,Research Analyst,4915,3,Yes
148,55,Sales Executive,6467,1,No
149,54,Manager,3359,3,No
150,58,Manager,7427,1,Yes
151,28,Manager,8942,1,No
152,43,Research Analyst,8540,5,No
153,53,Manager,8202,5,Yes
154,35,Sales Executive,5251,1,No
155,29,Sales Executive,5739,3,No
156,46,Manager,3080,5,Yes
157,37,Research Analyst,3540,5,Yes
158,40,Manager,8989,1,Yes
159,37,Sales Executive,7104,3,No
160,33,Sales Executive,7241,1,No
161,51,Manager,8872,4,No
162,23,Research Analyst,3236,1,Yes
163,53,Sales Executive,4244,3,No
164,46,Research Analyst,4689,5,No
165,46,Manager,6422,5,No
166,25,Sales Executive,6195,2,No
167,40,Sales Executive,3101,1,Yes
168,25,Sales Executive,8819,5,Yes
169,34,Sales Executive,4403,4,No
170,57,Sales Executive,8113,5,Yes
171,44,Sales Executive,8179,4,Yes
172,27,Manager,4210,5,No
173,45,Sales Executive,6346,5,No
174,54,Sales Executive,5945,3,No
175,33,Manager,8403,5,No
176,42,Sales Executive,7618,4,No
177,32,Sales Executive,4987,3,No
178,59,Manager,4981,5,No
179,50,Sales Executive,3784,3,No
180,24,Sales Executive,5684,5,No
181,49,Manager,6846,2,No
182,41,Sales Executive,4851,3,Yes
183,47,Manager,6832,4,Yes
184,45,Sales Executive,7607,2,No
185,42,Sales Executive,6797,5,No
186,51,Manager,4782,5,No
187,25,Research Analyst,6272,2,No
188,57,Manager,6238,1,No
189,31,Research Analyst,4962,2,Yes
190,31,Research Analyst,6041,4,Yes
191,45,Sales Executive,7187,5,Yes
192,25,Manager,3781,3,Yes
193,48,Research Analyst,5985,1,No
194,25,Research Analyst,3328,3,No
195,53,Research Analyst,4374,2,No
196,31,Research Analyst,4164,5,No
197,32,Manager,3610,4,No
198,49,Sales Executive,4923,2,No
199,29,Sales Executive,5280,2,No
200,43,Research Analyst,5309,3,No
201,55,Sales Executive,6624,3,Yes
202,56,Research Analyst,4463,5,No
203,56,Sales Executive,4717,3,Yes
204,46,Sales Executive,3278,1,No
205,55,Manager,7453,5,No
206,27,Research Analyst,5583,4,No
207,58,Manager,3251,1,Yes
208,22,Sales Executive,6962,2,Yes
209,33,Research Analyst,3932,3,Yes
210,56,Research Analyst,7283,4,Yes
211,27,Research Analyst,6106,5,No
212,38,Research Analyst,3344,3,No
213,30,Research Analyst,4612,1,No
214,23,Research Analyst,8137,2,Yes
215,39,Sales Executive,8727,2,No
216,57,Research Analyst,4584,3,Yes
217,49,Sales Executive,6877,5,Yes
218,58,Manager,6530,5,No
219,47,Sales Executive,5924,3,Yes
220,25,Manager,3956,3,No
221,57,Research Analyst,4663,3,No
222,52,Sales Executive,7893,4,No
223,51,Sales Executive,7961,3,No
224,55,Sales Executive,8993,4,No
225,40,Manager,4264,1,No
226,39,Research Analyst,4549,3,No
227,51,Sales Executive,7371,3,No
228,42,Manager,3041,5,No
229,24,Sales Executive,8324,3,No
230,27,Sales Executive,4131,4,No
231,59,Sales Executive,5192,4,No
232,34,Sales Executive,6576,3,No
233,24,Manager,7094,4,Yes
234,49,Research Analyst,5802,3,Yes
235,43,Research Analyst,7005,1,No
236,33,Sales Executive,4550,4,No
237,44,Manager,3676,4,Yes
238,52,Research Analyst,8252,4,No
239,39,Research Analyst,3303,4,No
240,28,Sales Executive,4920,3,Yes
241,29,Sales Executive,6889,3,No
242,40,Manager,5981,1,No
243,50,Research Analyst,7350,3,No
244,41,Sales Executive,7555,4,No
245,51,Manager,8701,1,No
246,43,Manager,3360,2,No
247,31,Manager,3494,5,Yes
248,47,Research Analyst,4808,1,Yes
249,54,Research Analyst,8392,5,No
250,49,Research Analyst,4802,4,No
251,31,Manager,6589,2,Yes
252,50,Manager,4603,5,Yes
253,39,Sales Executive,5322,1,No
254,22,Sales Executive,8919,3,Yes
255,44,Research Analyst,8089,5,No
256,38,Research Analyst,6127,3,No
257,58,Sales Executive,4354,5,Yes
258,52,Research Analyst,5156,4,Yes
259,46,Sales Executive,4055,3,No
260,25,Sales Executive,3595,2,No
261,30,Sales Executive,7243,1,No
262,49,Manager,6231,2,Yes
263,51,Research Analyst,5835,5,Yes
264,45,Manager,5855,5,No
265,54,Research Analyst,3609,2,No
266,41,Manager,7012,5,No
267,30,Research Analyst,5292,4,No
268,29,Research Analyst,6820,1,Yes
269,45,Sales Executive,3438,4,Yes
270,35,Manager,6806,3,No
271,39,Manager,4146,1,No
272,22,Research Analyst,8008,1,No
273,33,Manager,3080,5,Yes
274,50,Research Analyst,5558,3,No
275,58,Research Analyst,4158,2,No
276,47,Sales Executive,8572,3,No
277,54,Research Analyst,7909,2,Yes
278,36,Manager,4694,3,No
279,44,Sales Executive,7684,3,Yes
280,50,Research Analyst,4915,2,No
281,42,Sales Executive,7789,4,No
282,40,Sales Executive,6489,5,No
283,26,Research Analyst,3602,5,No
284,44,Manager,8522,5,Yes
285,57,Research Analyst,6206,2,No
286,41,Research Analyst,3632,5,No
287,29,Research Analyst,8250,1,Yes
288,30,Research Analyst,6226,3,No
289,35,Research Analyst,7377,2,No
290,27,Manager,5573,2,No
291,22,Sales Executive,5779,1,No
292,30,Manager,5622,3,Yes
293,37,Research Analyst,6129,5,No
294,37,Sales Executive,5341,2,Yes
295,33,Sales Executive,8037,2,Yes
296,26,Sales Executive,6477,2,No
297,50,Manager,3107,2,No
298,48,Manager,3504,2,Yes
299,32,Manager,7933,2,No
300,49,Research Analyst,8113,1,No
301,57,Manager,4841,2,No
302,40,Manager,8145,4,No
303,56,Manager,3268,3,No
304,52,Sales Executive,5886,3,No
305,40,Sales Executive,3765,5,No
306,45,Research Analyst,3073,2,No
307,23,Sales Executive,5954,2,No
308,28,Research Analyst,7570,1,Yes
309,52,Sales Executive,8264,4,Yes
310,38,Research Analyst,4375,3,No
311,48,Research Analyst,7862,3,Yes
312,57,Sales Executive,6301,5,No
313,31,Sales Executive,5342,2,No
314,35,Manager,4200,1,No
315,28,Manager,4724,5,No
316,30,Research Analyst,3518,5,No
317,35,Research Analyst,6056,5,No
318,29,Research Analyst,8062,1,No
319,38,Sales Executive,3631,1,Yes
320,44,Sales Executive,3513,2,Yes
321,37,Manager,4215,1,No
322,47,Sales Executive,6265,5,No
323,30,Research Analyst,4661,2,No
324,57,Manager,4301,5,Yes
325,28,Sales Executive,3814,5,No
326,39,Research Analyst,4792,3,No
327,29,Sales Executive,6798,1,No
328,42,Sales Executive,6236,3,Yes
329,47,Sales Executive,6738,3,Yes
330,24,Research Analyst,4684,5,No
331,38,Research Analyst,7436,1,No
332,45,Sales Executive,8666,5,No
333,46,Research Analyst,5926,4,Yes
334,26,Sales Executive,6133,5,No
335,58,Manager,4950,5,No
336,45,Research Analyst,5715,1,No
337,52,Sales Executive,5788,5,No
338,47,Sales Executive,4609,5,No
339,42,Sales Executive,6400,3,Yes
340,55,Manager,8684,5,No
341,59,Research Analyst,3919,1,No
342,45,Sales Executive,7414,3,No
343,49,Sales Executive,7144,2,Yes
344,51,Sales Executive,5023,2,No
345,55,Research Analyst,8563,5,Yes
346,44,Manager,4323,3,Yes
347,29,Manager,3653,4,Yes
348,31,Sales Executive,3504,2,No
349,22,Sales Executive,3367,3,No
350,41,Research Analyst,4017,2,No
351,58,Sales Executive,3777,3,No
352,39,Manager,6227,5,No
353,42,Research Analyst,3997,3,No
354,25,Research Analyst,8666,3,No
355,23,Sales Executive,8958,1,No
356,42,Manager,8545,5,No
357,58,Research Analyst,8157,4,No
358,26,Research Analyst,7102,2,No
359,38,Sales Executive,6386,3,No
360,32,Manager,7693,3,No
361,52,Manager,8123,5,No
362,49,Research Analyst,6818,1,Yes
363,53,Manager,6339,2,No
364,42,Sales Executive,5461,4,No
365,28,Sales Executive,7819,3,No
366,31,Research Analyst,8402,1,No
367,49,Research Analyst,7176,2,Yes
368,57,Manager,4187,2,No
369,41,Sales Executive,4588,4,No
370,34,Manager,8009,5,Yes
371,40,Manager,8308,2,No
372,32,Research Analyst,3969,2,No
373,56,Sales Executive,7195,4,No
374,55,Sales Executive,8017,3,No
375,25,Manager,4663,5,Yes
376,34,Sales Executive,6226,4,No
377,58,Sales Executive,3563,3,No
378,23,Manager,3335,4,Yes
379,22,Research Analyst,5331,4,Yes
380,46,Research Analyst,5180,4,No
381,58,Research Analyst,6430,1,Yes
382,57,Manager,5151,4,Yes
383,27,Sales Executive,5289,3,No
384,28,Manager,5485,3,No
385,25,Manager,6863,2,Yes
386,56,Research Analyst,8100,1,No
387,55,Sales Executive,4558,3,No
388,50,Research Analyst,4372,1,No
389,26,Sales Executive,7078,2,Yes
390,48,Sales Executive,8126,1,No
391,54,Research Analyst,3909,3,No
392,31,Research Analyst,4229,5,No
393,27,Manager,7241,1,No
394,55,Sales Executive,3478,1,No
395,29,Sales Executive,8572,5,No
396,52,Sales Executive,4810,4,No
397,30,Sales Executive,3752,5,No
398,42,Sales Executive,8250,4,Yes
399,29,Manager,3027,5,No
400,25,Sales Executive,3392,1,Yes
401,43,Manager,6819,4,No
402,49,Research Analyst,8327,4,No
403,25,Manager,8683,5,Yes
404,42,Manager,3215,1,No
405,29,Manager,5879,1,No
406,41,Research Analyst,6230,1,No
407,53,Sales Executive,5908,4,No
408,22,Manager,6982,4,No
409,27,Research Analyst,6245,4,No
410,49,Manager,8729,1,No
411,52,Manager,7356,2,No
412,31,Research Analyst,7980,2,No
413,41,Manager,7746,4,No
414,29,Manager,8492,4,Yes
415,43,Sales Executive,3063,1,No
416,59,Research Analyst,7370,1,No
417,50,Manager,6556,2,No
418,30,Research Analyst,5248,2,No
419,22,Research Analyst,7215,5,Yes
420,47,Sales Executive,5362,1,Yes
421,32,Sales Executive,6785,3,No
422,56,Sales Executive,6469,5,Yes
423,45,Manager,7765,1,No
424,54,Manager,5638,3,Yes
425,41,Manager,3077,3,No
426,48,Manager,7014,4,No
427,36,Manager,7796,4,No
428,54,Manager,3588,3,No
429,28,Research Analyst,8349,3,No
430,55,Research Analyst,6741,5,No
431,26,Sales Executive,7171,3,Yes
432,51,Manager,5025,4,No
433,49,Research Analyst,4905,4,No
434,39,Sales Executive,4944,4,No
435,57,Sales Executive,6899,2,No
436,24,Sales Executive,7768,5,Yes
437,42,Sales Executive,3492,5,No
438,37,Research Analyst,8374,5,No
439,58,Research Analyst,6792,2,No
440,26,Research Analyst,8106,5,No
441,35,Sales Executive,6692,2,Yes
442,52,Sales Executive,4138,2,Yes
443,45,Manager,7107,3,No
444,56,Manager,5319,2,No
445,57,Sales Executive,8401,1,No
446,31,Research Analyst,7885,1,No
447,48,Sales Executive,5198,5,Yes
448,48,Manager,3762,1,No
449,44,Manager,4883,3,No
450,34,Research Analyst,7204,1,No
451,37,Sales Executive,7552,2,No
452,56,Manager,3859,1,Yes
453,48,Research Analyst,7572,4,Yes
454,38,Manager,5791,3,No
455,22,Research Analyst,7199,5,No
456,32,Manager,3099,4,No
457,33,Manager,8876,3,No
458,35,Sales Executive,8878,3,No
459,29,Research Analyst,7489,3,No
460,52,Research Analyst,3886,1,No
461,28,Manager,3820,1,No
462,52,Sales Executive,6371,4,No
463,37,Manager,5897,4,No
464,40,Manager,8520,2,No
465,29,Manager,4818,2,Yes
466,50,Research Analyst,4462,2,No
467,23,Sales Executive,4355,3,No
468,24,Manager,6020,5,No
469,50,Manager,5317,2,No
470,36,Manager,3968,4,Yes
471,59,Research Analyst,3232,5,Yes
472,49,Manager,6217,2,No
473,58,Research Analyst,8290,1,No
474,53,Research Analyst,6372,2,No
475,51,Research Analyst,6298,2,Yes
476,51,Research Analyst,4739,3,No
477,55,Research Analyst,5903,3,Yes
478,34,Sales Executive,7934,2,No
479,54,Research Analyst,6630,3,Yes
480,38,Research Analyst,3043,1,No
481,24,Manager,3577,5,Yes
482,30,Sales Executive,6022,5,No
483,32,Sales Executive,7453,3,Yes
484,48,Manager,5169,2,Yes
485,49,Research Analyst,8295,1,No
486,23,Sales Executive,6244,1,No
487,22,Research Analyst,5825,4,Yes
488,27,Manager,3515,3,No
489,46,Sales Executive,4417,4,No
490,56,Research Analyst,7219,3,Yes
491,37,Sales Executive,5555,4,No
492,25,Sales Executive,8154,2,No
493,59,Research Analyst,6550,3,No
494,41,Research Analyst,8414,5,No
495,46,Sales Executive,5254,3,No
496,28,Manager,5910,5,No
497,42,Sales Executive,6506,4,No
498,28,Manager,3141,4,No
499,50,Sales Executive,8974,2,Yes
500,28,Research Analyst,3855,5,No
501,24,Manager,3805,2,Yes
502,50,Manager,6933,1,Yes
503,50,Sales Executive,6821,5,Yes
504,59,Sales Executive,6418,3,No
505,27,Manager,3082,5,No
506,31,Research Analyst,7054,4,No
507,58,Manager,7614,2,Yes
508,35,Manager,4610,1,No
509,43,Research Analyst,5561,2,Yes
510,53,Research Analyst,6529,1,No
511,39,Sales Executive,7272,4,No
512,57,Sales Executive,8521,2,No
513,30,Sales Executive,3254,3,No
514,47,Research Analyst,8267,3,No
515,43,Manager,5881,2,Yes
516,59,Research Analyst,8531,2,No
517,44,Sales Executive,5035,1,Yes
518,38,Manager,4764,2,No
519,47,Sales Executive,3931,1,No
520,59,Manager,5313,2,No
521,23,Research Analyst,7841,2,Yes
522,27,Sales Executive,3013,5,Yes
523,28,Research Analyst,7533,1,No
524,34,Research Analyst,8080,4,No
525,48,Research Analyst,3778,3,Yes
526,32,Manager,7217,1,No
527,36,Research Analyst,4323,2,No
528,30,Research Analyst,6685,3,No
529,29,Manager,8509,2,No
530,27,Research Analyst,7264,4,No
531,25,Research Analyst,4268,1,Yes
532,32,Research Analyst,7879,1,No
533,49,Manager,4038,2,No
534,47,Manager,5517,2,Yes
535,25,Sales Executive,3000,1,Yes
536,36,Research Analyst,8411,2,No
537,40,Manager,8729,1,No
538,27,Research Analyst,6470,5,No
539,26,Manager,4798,4,No
540,39,Manager,3600,1,No
541,27,Manager,6574,4,Yes
542,52,Sales Executive,8123,4,Yes
543,46,Research Analyst,4348,5,No
544,25,Manager,4125,1,No
545,27,Research Analyst,4947,2,No
546,58,Manager,7722,2,No
547,46,Research Analyst,5025,1,No
548,55,Research Analyst,3425,1,No
549,40,Manager,7877,4,Yes
550,55,Research Analyst,4137,4,No
551,36,Sales Executive,5449,3,No
552,29,Sales Executive,3362,4,Yes
553,55,Research Analyst,3970,1,No
554,39,Research Analyst,7419,3,No
555,51,Manager,8403,4,No
556,34,Manager,7028,2,No
557,54,Research Analyst,7751,4,Yes
558,56,Research Analyst,3746,4,Yes
559,45,Research Analyst,6762,4,Yes
560,47,Research Analyst,3340,4,Yes
561,22,Sales Executive,3564,5,No
562,34,Research Analyst,4945,1,Yes
563,31,Manager,7268,3,No
564,40,Sales Executive,7177,1,No
565,26,Research Analyst,3645,4,Yes
566,29,Manager,8715,2,Yes
567,25,Sales Executive,3711,3,No
568,34,Research Analyst,7351,1,No
569,59,Research Analyst,8956,2,No
570,40,Research Analyst,6421,4,Yes
571,29,Research Analyst,3106,2,No
572,48,Sales Executive,3754,1,Yes
573,51,Manager,4627,3,Yes
574,25,Research Analyst,8280,1,No
575,32,Sales Executive,3937,2,No
576,42,Sales Executive,6282,2,No
577,23,Manager,7509,1,Yes
578,42,Sales Executive,7082,1,No
579,38,Sales Executive,8484,1,No
580,50,Manager,5697,2,No
581,48,Sales Executive,7150,5,Yes
582,45,Sales Executive,5952,1,No
583,24,Manager,5209,4,No
584,31,Sales Executive,3529,2,No
585,24,Manager,7593,5,No
586,47,Research Analyst,5479,3,Yes
587,58,Research Analyst,6600,5,No
588,48,Research Analyst,8681,3,No
589,26,Research Analyst,6134,5,No
590,32,Sales Executive,7935,2,No
591,34,Research Analyst,7094,4,No
592,55,Manager,4110,2,No
593,59,Manager,5555,5,Yes
594,54,Manager,4289,5,No
595,55,Manager,7014,3,No
596,48,Research Analyst,7748,1,Yes
597,57,Manager,8208,2,No
598,47,Research Analyst,8501,3,No
599,46,Manager,4397,5,No
600,40,Manager,5454,5,No
601,42,Research Analyst,5605,1,No
602,52,Research Analyst,4825,2,Yes
603,50,Sales Executive,3702,5,No
604,30,Sales Executive,5885,4,No
605,40,Sales Executive,7733,1,No
606,47,Manager,8196,1,Yes
607,46,Manager,3681,3,No
608,50,Manager,5444,3,No
609,46,Sales Executive,6781,3,Yes
610,40,Sales Executive,4769,5,Yes
611,25,Sales Executive,5737,1,Yes
612,41,Manager,6905,2,Yes
613,22,Research Analyst,5442,4,No
614,32,Sales Executive,7294,5,No
615,25,Research Analyst,5155,5,Yes
616,28,Manager,8545,2,Yes
617,49,Sales Executive,7818,5,No
618,57,Manager,7723,2,No
619,28,Research Analyst,7550,2,Yes
620,41,Manager,5982,1,No
621,56,Manager,7810,5,Yes
622,42,Sales Executive,6839,5,No
623,22,Research Analyst,7455,4,No
624,58,Sales Executive,4832,2,Yes
625,24,Manager,3040,4,No
626,55,Manager,7190,4,No
627,34,Research Analyst,7091,4,No
628,37,Manager,5146,3,Yes
629,55,Sales Executive,7667,1,No
630,45,Research Analyst,5649,2,No
631,34,Manager,4947,5,No
632,27,Sales Executive,3696,3,No
633,23,Sales Executive,8050,3,No
634,32,Research Analyst,4311,3,No
635,28,Manager,5864,5,No
636,28,Sales Executive,5174,3,No
637,33,Research Analyst,7483,3,No
638,43,Sales Executive,7416,5,No
639,24,Manager,7599,1,Yes
640,34,Sales Executive,4703,3,No
641,51,Manager,8132,2,Yes
642,31,Sales Executive,5900,1,Yes
643,30,Manager,6531,5,Yes
644,27,Sales Executive,8752,1,No
645,23,Sales Executive,7466,1,Yes
646,37,Research Analyst,8039,4,No
647,34,Manager,7409,5,No
648,34,Sales Executive,5197,1,Yes
649,43,Research Analyst,6948,5,No
650,40,Sales Executive,3524,3,Yes
651,47,Research Analyst,3657,5,Yes
652,35,Sales Executive,4647,1,No
653,52,Research Analyst,8789,5,Yes
654,50,Manager,5497,4,Yes
655,43,Sales Executive,4317,4,Yes
656,28,Manager,3791,4,No
657,58,Manager,8005,5,No
658,48,Research Analyst,3136,1,Yes
659,52,Manager,5258,3,Yes
660,27,Research Analyst,6853,2,No
661,37,Research Analyst,6462,3,Yes
662,59,Research Analyst,3411,4,No
663,59,Research Analyst,6237,1,Yes
664,53,Research Analyst,3419,5,No
665,54,Sales Executive,6738,5,No
666,38,Sales Executive,3972,1,No
667,54,Manager,5349,1,No
668,32,Sales Executive,6920,4,No
669,34,Research Analyst,6386,4,Yes
670,51,Research Analyst,5814,1,No
671,22,Sales Executive,3746,4,No
672,51,Manager,3968,2,No
673,48,Manager,5512,5,No
674,44,Sales Executive,6317,4,Yes
675,41,Research Analyst,5941,4,No
676,27,Research Analyst,8650,4,No
677,58,Manager,8066,1,No
678,41,Sales Executive,4935,2,No
679,58,Research Analyst,3486,4,No
680,27,Manager,7952,2,Yes
681,50,Manager,8871,2,No
682,34,Sales Executive,5880,1,No
683,48,Manager,7058,4,No
684,41,Research Analyst,5964,2,No
685,34,Manager,8103,4,No
686,29,Manager,6247,4,Yes
687,38,Manager,5494,3,No
688,51,Sales Executive,7449,5,No
689,22,Research Analyst,6096,4,No
690,45,Manager,5770,1,Yes
691,37,Sales Executive,8928,5,No
692,32,Manager,8448,1,No
693,25,Research Analyst,6271,1,No
694,25,Manager,3297,1,Yes
695,38,Sales Executive,8907,3,Yes
696,31,Manager,4347,5,No
697,42,Manager,6199,1,No
698,59,Manager,6703,3,No
699,39,Sales Executive,8847,5,No
700,31,Manager,7331,1,No
701,37,Manager,8144,1,No
702,36,Sales Executive,6668,4,Yes
703,55,Sales Executive,8795,5,No
704,26,Research Analyst,6502,2,No
705,38,Sales Executive,7640,1,No
706,58,Manager,7898,1,No
707,29,Manager,8674,1,No
708,45,Sales Executive,3860,4,Yes
709,49,Research Analyst,3228,4,Yes
710,29,Sales Executive,7946,4,No
711,44,Research Analyst,4079,5,Yes
712,56,Sales Executive,8994,3,Yes
713,52,Research Analyst,5595,5,No
714,38,Research Analyst,3355,3,Yes
715,49,Manager,8780,2,No
716,33,Research Analyst,8349,5,No
717,45,Manager,5403,1,No
718,36,Sales Executive,7910,2,Yes
719,52,Sales Executive,3091,1,Yes
720,48,Sales Executive,5110,3,No
721,56,Sales Executive,3497,4,No
722,39,Sales Executive,5299,3,No
723,57,Manager,5638,5,No
724,29,Sales Executive,7970,2,Yes
725,59,Research Analyst,7147,2,No
726,26,Manager,8828,2,No
727,35,Research Analyst,3902,3,No
728,59,Manager,5727,5,No
729,41,Research Analyst,5540,4,Yes
730,30,Manager,3300,2,No
731,54,Sales Executive,4866,4,No
732,39,Manager,5781,2,No
733,27,Manager,3846,2,No
734,58,Research Analyst,4152,3,No
735,23,Manager,6328,1,No
736,51,Manager,4908,2,No
737,27,Sales Executive,5117,1,No
738,38,Research Analyst,7793,3,No
739,44,Manager,4310,2,No
740,52,Research Analyst,5834,5,No
741,41,Manager,7714,2,No
742,26,Manager,3016,2,No
743,42,Research Analyst,4911,5,Yes
744,32,Sales Executive,6409,5,No
745,25,Manager,8323,2,Yes
746,44,Manager,5057,4,No
747,59,Manager,4929,3,No
748,51,Research Analyst,4100,4,Yes
749,39,Sales Executive,4728,2,Yes
750,52,Manager,8351,1,Yes
751,51,Manager,4948,5,Yes
752,55,Manager,4782,5,No
753,52,Research Analyst,5893,1,Yes
754,59,Research Analyst,7951,3,No
755,46,Research Analyst,6002,3,No
756,38,Research Analyst,5681,2,Yes
757,57,Sales Executive,6483,2,No
758,51,Research Analyst,4899,5,Yes
759,23,Research Analyst,7249,1,Yes
760,45,Manager,8708,1,Yes
761,30,Research Analyst,4560,4,No
762,22,Sales Executive,6845,3,No
763,45,Sales Executive,8154,3,No
764,59,Manager,3076,2,Yes
765,48,Sales Executive,6259,2,No
766,47,Research Analyst,6627,3,No
767,47,Research Analyst,3975,4,No
768,28,Sales Executive,3827,2,Yes
769,46,Sales Executive,6349,2,No
770,37,Research Analyst,4548,4,Yes
771,59,Manager,5928,5,No
772,39,Research Analyst,3645,3,Yes
773,38,Manager,4660,1,No
774,27,Manager,8986,1,Yes
775,41,Sales Executive,5327,1,Yes
776,44,Manager,8651,1,No
777,33,Research Analyst,5863,1,No
778,33,Research Analyst,5042,5,No
779,55,Sales Executive,6846,3,No
780,29,Manager,3068,2,No
781,48,Research Analyst,8321,1,No
782,29,Manager,8039,4,No
783,54,Research Analyst,5778,1,No
784,58,Research Analyst,7571,5,No
785,40,Research Analyst,4296,3,No
786,45,Research Analyst,4762,4,No
787,43,Sales Executive,8245,1,No
788,24,Sales Executive,4052,5,Yes
789,30,Manager,7380,1,No
790,32,Manager,5673,1,No
791,27,Sales Executive,5649,4,No
792,58,Research Analyst,4157,5,No
793,23,Manager,4602,3,No
794,58,Manager,8539,5,No
795,27,Sales Executive,3715,3,Yes
796,27,Manager,5637,3,Yes
797,57,Sales Executive,5744,3,No
798,46,Research Analyst,8598,3,No
799,37,Manager,5077,5,No
800,42,Research Analyst,7545,4,Yes